{
  "project_info": {
    "project_number": "175261846391",
    "project_id": "base-de-datos-1ebde",
    "storage_bucket": "base-de-datos-1ebde.appspot.com"
  },
  "client": [
    {
      "client_info": {
        "mobilesdk_app_id": "1:175261846391:android:f0d485fc82a49458b9af72",
        "android_client_info": {
          "package_name": "com.example.conectandoafirebase"
        }
      },
      "oauth_client": [
        {
          "client_id": "175261846391-nlp05gvd30vcmt0fuim96p8lhur4kold.apps.googleusercontent.com",
          "client_type": 3
        }
      ],
      "api_key": [
        {
          "current_key": "AIzaSyA6UHR5dj9xtld6WquwKgtv1Hmx-8_hpSI"
        }
      ],
      "services": {
        "appinvite_service": {
          "other_platform_oauth_client": [
            {
              "client_id": "175261846391-nlp05gvd30vcmt0fuim96p8lhur4kold.apps.googleusercontent.com",
              "client_type": 3
            }
          ]
        }
      }
    }
  ],
  "configuration_version": "1"
}